NumThreads,ExecutionTime
1,4.102618
2,2.159396
3,1.590283
4,1.221007
5,1.100289
6,0.951719
7,0.996911
8,0.931267
9,0.936624
10,0.855965
