NumThreads,ExecutionTime
1,0.172413
2,0.099056
3,0.071762
4,0.061389
5,0.052631
6,0.053852
7,0.045991
8,0.043788
9,0.047104
10,0.042975
