NumThreads,ExecutionTime
1,1.975315
2,1.045739
3,0.750193
4,0.602395
5,0.536572
6,0.509385
7,0.465246
8,0.465948
9,0.458941
10,0.418025
