NumThreads,ExecutionTime
1,0.016349
2,0.009412
3,0.008530
4,0.007636
5,0.006518
6,0.005861
7,0.005239
8,0.004848
9,0.005043
10,0.006059
